metric,breakdown_category,breakdown_category,felony,,Boone Adult Probation,,,,,,,,,,,,,,,,,,,,,,,,,,,
,,,,,Jan.,Feb.,March,April,May,June,July,Aug.,Sept.,Oct.,Nov.,Dec.,YEAR TO DATE,,,,,,,,,,,,,,,
,,,,I. INTAKES,,,,,,,,,,,,, Totals,,,,,,,,,,,,,,,
full,intakes,intakes,all,A. Intakes- Full,30,16,32,29,26,17,22,21,26,18,28,25,290,,,,,,,,,,,,,,,
partial,intakes,intakes,all,B. Intakes- Partial,5,4,3,3,1,0,2,6,5,5,3,1,38,,,,,,,,,,,,,,,
,,,,Total Intakes:,35,20,35,32,27,17,24,27,31,23,31,26,328,,,,,,,,,,,,,,,
,,,,II. DEMOGRAPHICS OF INTAKES,,,,,,,,,,,,,Totals,,,,,,,,,,,,,,,
,,,,A. Gender:,,,,,,,,,,,,,,,,,,,,,,,,,,,,
male,gender,demographics of intakes,felony,1a. Male/Felony,13,9,17,6,11,9,10,13,11,8,14,11,132,,,,,,,,,,,,,,,
male,gender,demographics of intakes,other,1b. Male/Other,11,4,7,19,9,4,5,6,11,7,9,6,98,,,,,,,,,,,,,,,
female,gender,demographics of intakes,felony,2a. Female/Felony,7,4,8,3,5,1,4,6,5,7,5,7,62,,,,,,,,,,,,,,,
female,gender,demographics of intakes,other,2b. Female/Other,4,3,3,4,2,3,5,2,4,1,3,2,36,,,,,,,,,,,,,,,
,,,,3. Total:,35,20,35,32,27,17,24,27,31,23,31,26,328,,,,,,,,,,,,,,,
,,,,B. AGE                         ,a. FELONY,,,,,,,,,,,,Totals,,,,,,,,,,,,,,,
<17,age,demographics of intakes,felony,1)  17< ,0,0,0,0,0,0,0,0,0,0,0,0,0,,,,,,,,,,,,,,,
18-20,age,demographics of intakes,felony,2)  18-20,0,1,2,0,2,0,1,2,1,1,1,1,12,,,,,,,,,,,,,,,
21-30,age,demographics of intakes,felony,3)  21-30,7,5,8,3,4,3,3,5,7,6,9,3,63,,,,,,,,,,,,,,,
31-40,age,demographics of intakes,felony,4)  31-40,7,4,4,4,4,4,9,7,4,7,6,8,68,,,,,,,,,,,,,,,
41-49,age,demographics of intakes,felony,5)  41-49,3,1,6,1,4,1,1,2,3,1,2,5,30,,,,,,,,,,,,,,,
50<,age,demographics of intakes,felony,6)  50>,3,2,5,1,2,2,0,3,1,0,1,1,21,,,,,,,,,,,,,,,
,,,,Total Felony:,20,13,25,9,16,10,14,19,16,15,19,18,194,,,,,,,,,,,,,,,
,,,,B. AGE                         ,b. OTHER,,,,,,,,,,,,Totals,,,,,,,,,,,,,,,
<17,age,demographics of intakes,other,1)  17<,0,0,0,0,0,0,0,0,0,0,0,0,0,,,,,,,,,,,,,,,
18-20,age,demographics of intakes,other,2)  18-20,1,0,0,0,0,0,0,1,2,1,2,1,8,,,,,,,,,,,,,,,
21-30,age,demographics of intakes,other,3)  21-30,4,2,5,8,4,2,6,1,3,3,6,1,45,,,,,,,,,,,,,,,
31-40,age,demographics of intakes,other,4)  31-40,4,5,3,6,4,4,2,3,5,1,0,1,38,,,,,,,,,,,,,,,
41-49,age,demographics of intakes,other,5)  41-49,4,0,1,9,2,1,0,1,3,1,3,2,27,,,,,,,,,,,,,,,
50<,age,demographics of intakes,other,6)  50>,2,0,1,0,1,0,2,2,2,2,1,3,16,,,,,,,,,,,,,,,
,,,,Total Other:,15,7,10,23,11,7,10,8,15,8,12,8,134,,,,,,,,,,,,,,,
,,,,7) Total Age:,35,20,35,32,27,17,24,27,31,23,31,26,328,,,,,,,,,,,,,,,
,,,,C. Race/Ethnicity    ,a. FELONY,,,,,,,,,,,,Totals,,,,,,,,,,,,,,,
american indian,race/ethnicity,demographics of intakes,felony,1) American Indian,0,0,0,0,0,0,0,0,0,0,0,0,0,,,,,,,,,,,,,,,
asian,race/ethnicity,demographics of intakes,felony,2) Asian,0,0,0,0,0,0,0,1,0,0,0,0,1,,,,,,,,,,,,,,,
black,race/ethnicity,demographics of intakes,felony,3) Black,2,3,1,2,3,1,1,2,3,2,2,1,23,,,,,,,,,,,,,,,
hispanic,race/ethnicity,demographics of intakes,felony,4) Hispanic,9,2,8,3,1,5,7,5,3,8,8,6,65,,,,,,,,,,,,,,,
white,race/ethnicity,demographics of intakes,felony,5) White ,9,8,16,4,12,4,6,11,10,5,9,11,105,,,,,,,,,,,,,,,
other,race/ethnicity,demographics of intakes,felony,6) Other,0,0,0,0,0,0,0,0,0,0,0,0,0,,,,,,,,,,,,,,,
,,,,Total Felony:,20,13,25,9,16,10,14,19,16,15,19,18,194,,,,,,,,,,,,,,,
,,,,C. Race/Ethnicity,b. OTHER,,,,,,,,,,,,Totals,,,,,,,,,,,,,,,
american indian,race/ethnicity,demographics of intakes,other,1) American Indian,1,0,0,0,0,0,0,0,0,0,0,0,1,,,,,,,,,,,,,,,
asian,race/ethnicity,demographics of intakes,other,2) Asian,0,0,0,1,0,0,0,0,0,0,0,0,1,,,,,,,,,,,,,,,
black,race/ethnicity,demographics of intakes,other,3) Black,0,0,3,3,1,1,1,2,3,0,3,0,17,,,,,,,,,,,,,,,
hispanic,race/ethnicity,demographics of intakes,other,4) Hispanic,3,5,3,10,3,2,3,2,2,4,6,4,47,,,,,,,,,,,,,,,
white,race/ethnicity,demographics of intakes,other,5) White ,10,2,4,9,7,4,6,4,10,4,3,4,67,,,,,,,,,,,,,,,
other,race/ethnicity,demographics of intakes,other,6) Other,1,0,0,0,0,0,0,0,0,0,0,0,1,,,,,,,,,,,,,,,
,,,,Total Other:,15,7,10,23,11,7,10,8,15,8,12,8,134,,,,,,,,,,,,,,,
,,,,7) Total Race:,35,20,35,32,27,17,24,27,31,23,31,26,328,,,,,,,,,,,,,,,
,,,,D. BACKGROUND AT OFFENSE,,,,,,,,,,,,,Totals,,,,,,,,,,,,,,,
employed,background at offense,background at offense,felony,1A) Employed - Felony,14,7,18,5,10,7,12,13,10,16,14,11,137,,,,,,,,,,,,,,,
employed,background at offense,background at offense,other,AB) Employed - Other,9,4,7,15,7,7,7,6,11,4,8,7,92,,,,,,,,,,,,,,,
hs grad,background at offense,background at offense,felony,2A) H.S. Grad. - Felony,10,8,14,4,9,6,8,10,12,10,9,11,111,,,,,,,,,,,,,,,
hs grad,background at offense,background at offense,other,2B) H.S. Grad. - Other,7,3,6,17,8,3,5,5,6,4,8,7,79,,,,,,,,,,,,,,,
,,,,E. FELONY OFFENSE CLASSIFICATION,,,,,,,,,,,,,Totals,,,,,,,,,,,,,,,
class 1,felony class,felony class,felony,1) Felony Class 1,1,0,1,0,0,0,0,1,0,1,1,0,5,,,,,,,,,,,,,,,
class 2,felony class,felony class,felony,2) Felony Class 2,3,1,5,1,3,3,3,1,3,3,3,3,32,,,,,,,,,,,,,,,
class 3,felony class,felony class,felony,3) Felony Class 3,4,4,7,2,2,0,1,6,5,1,2,6,40,,,,,,,,,,,,,,,
class 4,felony class,felony class,felony,4) Felony Class 4,12,8,12,6,11,7,10,11,8,10,13,9,117,,,,,,,,,,,,,,,
other,felony class,felony class,other,5) Other:,0,0,0,0,0,0,0,0,0,0,0,0,0,,,,,,,,,,,,,,,
,,,,7) Total:,20,13,25,9,16,10,14,19,16,15,19,18,194,,,,,,,,,,,,,,,
,,,,Gender: (II.A) vs Intake (I),0,0,0,0,0,0,0,0,0,0,0,0,0,,,,,,,,,,,,,,,
,,,,Age: (II.B) vs Intake (I),0,0,0,0,0,0,0,0,0,0,0,0,0,,,,,,,,,,,,,,,
,,,,Race: (II.A) vs Intake (I),0,0,0,0,0,0,0,0,0,0,0,0,0,,,,,,,,,,,,,,,
,,,,Felony Class. (II.E) vs F.Intakes:,0,0,0,0,0,0,0,0,0,0,0,0,0,,,,,,,,,,,,,,,
,,,,III. RESTITUTION AND FEES ORDERED (ACTIVE AND ADMINISTRATIVE),,,,,,,,,,,,,Totals,,,,,,,,,,,,,,,
new cases ordered restit,rest and fees,rest and fees,all,A. New Cases Ordered to Pay Restitution,1,2,5,2,6,0,1,3,2,1,3,2,28,,,,,,,,,,,,,,,
total amount rest ordered,rest and fees,rest and fees,all,B. Total Amount Rest. Ordered,1322.78,3401.86,457743.15,550,25840.79,0,425,3304,913.01,125,1344.92,1400.13,"$496,370.64 ",,,,,,,,,,,,,,,
new cases ordered to pay fees,rest and fees,rest and fees,all,C. New Cases Ordered to Pay Fees,34,20,35,30,27,17,23,25,29,22,31,22,315,,,,,,,,,,,,,,,
,,,,IV. PROGRAMS ORDERED FOR NEW CASES (ACTIVE AND ADMINISTRATIVE),,,,,,,,,,,,,Totals,,,,,,,,,,,,,,,
alcohol,new cases,treatment programs ordered,all,A. Alcohol Treatment,10,5,3,9,6,6,2,3,1,6,5,7,63,,,,,,,,,,,,,,,
drug,new cases,treatment programs ordered,all,B. Drug Treatment,1,2,5,1,3,0,3,3,8,4,3,3,36,,,,,,,,,,,,,,,
alc and drug,new cases,treatment programs ordered,all,C. Alcohol & Drug Treatment,11,6,9,10,10,2,5,5,3,3,8,9,81,,,,,,,,,,,,,,,
mental health,new cases,treatment programs ordered,all,D. Mental Health,8,4,11,17,12,4,10,2,6,5,11,7,97,,,,,,,,,,,,,,,
sex offender,new cases,treatment programs ordered,all,E. Sex Offender Treatment,0,0,2,0,0,1,0,0,2,1,0,2,8,,,,,,,,,,,,,,,
TASC,new cases,treatment programs ordered,all,F. TASC,0,0,1,0,0,0,0,0,0,0,0,0,1,,,,,,,,,,,,,,,
,,,,Total:,30,17,31,37,31,13,20,13,20,19,27,28,286,,,,,,,,,,,,,,,
,,,,V. PROGRAMS ORDERED FOR DUI CASES (ACTIVE AND ADMINISTRATIVE),,,,,,,,,,,,,Totals,,,,,,,,,,,,,,,
dui ed.,new cases,treatment programs ordered,all,A. DUI Education,0,0,0,0,2,0,0,1,0,0,0,0,3,,,,,,,,,,,,,,,
treatment,new cases,treatment programs ordered,all,B. Treatment,7,2,1,1,2,0,1,1,1,0,0,1,17,,,,,,,,,,,,,,,
alc and drug,new cases,treatment programs ordered,all,C. Alcohol & Drug Treatment,2,2,2,4,3,2,2,2,2,2,4,3,30,,,,,,,,,,,,,,,
other,new cases,treatment programs ordered,all,D. Other (Explain),3,2,0,5,0,1,0,2,0,1,2,0,16,,,,,,,,,,,,,,,
,,,,Total:,12,6,3,10,7,3,3,6,3,3,6,4,66,,,,,,,,,,,,,,,
,,,,VI. DUI ASSESSMENT LEVEL (ACTIVE AND ADMINISTRATIVE),,,,,,,,,,,,,Totals,,,,,,,,,,,,,,,
level 1,probation,dui assessment level,all,A.1)  Probation - Level 1,0,0,0,0,2,0,0,1,0,0,0,0,3,,,,,,,,,,,,,,,
level 2 sig,probation,dui assessment level,all,A.2a)  Probation Level 2/Sig,0,2,1,4,1,2,1,0,0,2,4,3,20,,,,,,,,,,,,,,,
level 2 mod,probation,dui assessment level,all,A.2b)  Probation  Level 2/Mod,2,0,1,0,0,0,0,0,1,0,0,0,4,,,,,,,,,,,,,,,
level 3,probation,dui assessment level,all,A.3)  Prob. Level 3,7,2,1,1,3,0,1,1,1,0,0,1,18,,,,,,,,,,,,,,,
no assess,probation,dui assessment level,all,A.4)  Prob/No Assess,3,2,0,5,0,1,0,0,0,1,1,0,13,,,,,,,,,,,,,,,
,,,,A.5)  Total:,12,6,3,10,6,3,2,2,2,3,5,4,58,,,,,,,,,,,,,,,
level 1,cond disch,dui assessment level,all,B.1)  Cond. Disch. Level 1,0,0,0,0,0,0,0,0,0,0,0,0,0,,,,,,,,,,,,,,,
level 2 sig,cond disch,dui assessment level,all,B.2a) Cond. Dis. Level 2/Sig,0,0,0,0,1,0,1,1,0,0,0,0,3,,,,,,,,,,,,,,,
level 2 mod,cond disch,dui assessment level,all,B.2b) Cond. Dis. Level 2/Mod,0,0,0,0,0,0,0,0,0,0,0,0,0,,,,,,,,,,,,,,,
level 3,cond disch,dui assessment level,all,B.3) Cond. Dis. Level 3,0,0,0,0,0,0,0,0,0,0,0,0,0,,,,,,,,,,,,,,,
no assess,cond disch,dui assessment level,all,B.4) Cond. Dis. / No Assess,0,0,0,0,0,0,0,0,0,0,0,0,0,,,,,,,,,,,,,,,
,,,,B.5)  Total:,0,0,0,0,1,0,1,1,0,0,0,0,3,,,,,,,,,,,,,,,
level 1,supervision,dui assessment level,all,C.1) Supervision - Level 1,0,0,0,0,0,0,0,0,0,0,0,0,0,,,,,,,,,,,,,,,
level 2 sig,supervision,dui assessment level,all,C.2a) Sup Level 2/Sig,0,0,0,0,0,0,0,0,0,0,0,0,0,,,,,,,,,,,,,,,
level 2 mod,supervision,dui assessment level,all,C.2b) Sup Level 2/Md,0,0,0,0,0,0,0,1,1,0,0,0,2,,,,,,,,,,,,,,,
level 3,supervision,dui assessment level,all,C.3) Supervision - Level 3,0,0,0,0,0,0,0,0,0,0,0,0,0,,,,,,,,,,,,,,,
no assess,supervision,dui assessment level,all,C.4) Sup/No Assess,0,0,0,0,0,0,0,0,0,0,1,0,1,,,,,,,,,,,,,,,
,,,,C.5)  Total:,0,0,0,0,0,0,0,1,1,0,1,0,3,,,,,,,,,,,,,,,
,,,,VII.a. HOME CONFINEMENT,,,,,,,,,,,,,Total,,,,,,,,,,,,,,,
electric,home confinment,new cases,all,A.1) Elec Mon Ord,3,0,0,0,0,0,0,0,0,0,0,0,3,,,,,,,,,,,,,,,
non-elecric,home confinment,new cases,all,B.1) Non-Elec. Mon. Ordered ,0,0,0,0,0,0,0,0,0,0,0,0,0,,,,,,,,,,,,,,,
,,,,C. Total:,3,0,0,0,0,0,0,0,0,0,0,0,3,,,,,,,,,,,,,,,
,,,,,,,,,,,,,,,,,Average,,,,,,,,,,,,,,,
electric,home confinment,population,all,A.2) Elec. Mon. Total,3,0,0,0,0,0,0,0,0,0,0,0,0.3,,,,,,,,,,,,,,,
non-electric,home confinment,population,all,B.2) Non-Elec. Mon. Total ,0,0,0,0,0,0,0,0,0,0,0,0,0,,,,,,,,,,,,,,,
,,,,C. Total:,3,0,0,0,0,0,0,0,0,0,0,0,0.3,,,,,,,,,,,,,,,
,,,,VII.b. SUPERVISED PRETRIAL RELEASE,,,,,,,,,,,,,Total,,,,,,,,,,,,,,,
electric,supervision pretrial,new cases,all,A.1) Elec. Mon. Ordered,0,0,0,0,0,0,0,0,0,0,0,0,0,,,,,,,,,,,,,,,
non-electric,supervision pretrial,new cases,all,B.1) Non-Elec. Mon. Ordered ,16,11,25,9,15,23,37,29,21,10,14,9,219,,,,,,,,,,,,,,,
,,,,C. Total:,16,11,25,9,15,23,37,29,21,10,14,9,219,,,,,,,,,,,,,,,
,,,,,,,,,,,,,,,,,Average,,,,,,,,,,,,,,,
electric,supervision,population,all,A.2) Elec. Mon. Total ,0,0,0,0,0,0,0,0,0,0,0,0,0,,,,,,,,,,,,,,,
non-electric,supervision,population,all,B.2) Non-Elec. Mon. Total ,153,168,175,165,166,179,205,216,208,114,111,107,163.9,,,,,,,,,,,,,,,
,,,,C. Total:,153,168,175,165,166,179,205,216,208,114,111,107,163.9,,,,,,,,,,,,,,,
,,,,VIII. ACTIVE CASELOAD,,,,,,,,,,,,,,,,,,,,,,,,,,,,
,,,,A. Beginning Caseload,,,,,,,,,,,,,Average,,,,,,,,,,,,,,,
felony ,first-of-month,population FOM,felony,a. Felony,150,157,158,163,153,153,152,151,177,173,169,176,161,,,,,,,,,,,,,,,
misdemeanor,first-of-month,population FOM,other,b. Misdemeanor,61,57,54,56,63,60,63,58,63,68,71,73,62.3,,,,,,,,,,,,,,,
dui,first-of-month,population FOM,other,c. DUI,35,39,42,41,42,47,44,42,39,41,42,39,41.1,,,,,,,,,,,,,,,
traffic,first-of-month,population FOM,other,d. Traffic,3,3,3,4,5,4,3,2,1,0,0,0,2.3,,,,,,,,,,,,,,,
,,,,E. Total:,249,256,257,264,263,264,262,253,280,282,282,288,266.7,,,,,,,,,,,,,,,
,,,,B. Admissions - 1. Probation,,,,,,,,,,,,,Total,,,,,,,,,,,,,,,
felony,probation,new cases,felony,a. Felony,16,13,25,9,16,10,14,19,16,15,19,18,190,,,,,,,,,,,,,,,
misdemeanor,probation,new cases,other,b. Misd.,3,1,6,10,5,5,6,3,8,5,6,4,62,,,,,,,,,,,,,,,
dui,probation,new cases,other,c. DUI,13,6,2,10,5,2,2,4,2,3,5,4,58,,,,,,,,,,,,,,,
traffic,probation,new cases,other,d. Traffic,0,0,0,1,0,0,0,0,0,0,0,0,1,,,,,,,,,,,,,,,
,,,,E. Total:,32,20,33,30,26,17,22,26,26,23,30,26,311,,,,,,,,,,,,,,,
,,,,B. Admissions - 2. Cond. Dis.,,,,,,,,,,,,,Total,,,,,,,,,,,,,,,
felony,conditional disch,new cases,felony,a. Felony,0,0,0,0,0,0,0,0,0,0,0,0,0,,,,,,,,,,,,,,,
misdemeanor,conditional disch,new cases,other,b. Misd.,0,0,1,1,0,0,1,0,5,0,1,0,9,,,,,,,,,,,,,,,
dui,conditional disch,new cases,other,c. DUI,0,0,0,0,1,0,1,1,0,0,0,0,3,,,,,,,,,,,,,,,
traffic,conditional disch,new cases,other,d. Traffic,0,0,0,0,0,0,0,0,0,0,0,0,0,,,,,,,,,,,,,,,
,,,,E. Total:,0,0,1,1,1,0,2,1,5,0,1,0,12,,,,,,,,,,,,,,,
,,,,B. Admissions - 3. Supervision,,,,,,,,,,,,,Total,,,,,,,,,,,,,,,
felony,supervision,new cases,felony,a. Felony,0,0,0,0,0,0,0,0,0,0,0,0,0,,,,,,,,,,,,,,,
misdemeanor,supervision,new cases,other,b. Misd.,2,0,0,1,0,0,0,0,0,0,0,0,3,,,,,,,,,,,,,,,
dui,supervision,new cases,other,c. DUI,1,0,0,0,0,0,0,0,0,0,0,0,1,,,,,,,,,,,,,,,
traffic,supervision,new cases,other,d. Traffic,0,0,0,0,0,0,0,0,0,0,0,0,0,,,,,,,,,,,,,,,
,,,,E. Total:,3,0,0,1,0,0,0,0,0,0,0,0,4,,,,,,,,,,,,,,,
,,,,C. Readmitted Administrative,,,,,,,,,,,,,Total,,,,,,,,,,,,,,,
felony,readmit admin,readmit admin,felony,a. Felony,2,0,0,0,2,1,0,15,2,0,0,1,23,,,,,,,,,,,,,,,
misdemeanor,readmit admin,readmit admin,other,b. Misd.,0,0,0,0,0,0,0,2,0,0,0,0,2,,,,,,,,,,,,,,,
dui,readmit admin,readmit admin,other,c. DUI,0,0,0,0,0,0,0,0,1,0,0,0,1,,,,,,,,,,,,,,,
traffic,readmit admin,readmit admin,other,d. Traffic,0,0,1,0,0,0,0,0,0,0,0,0,1,,,,,,,,,,,,,,,
,,,,E. Total:,2,0,1,0,2,1,0,17,3,0,0,1,27,,,,,,,,,,,,,,,
,,,, ,,,,,,,,,,,,,Average,,,,,,,,,,,,,,,
,,,,Subtotal Felony,168,170,183,172,171,164,166,185,195,188,188,195,178.8,,,,,,,,,,,,,,,
,,,,Subtotal Misd.,66,58,61,68,68,65,70,63,76,73,78,77,68.6,,,,,,,,,,,,,,,
,,,,Subtotal DUI,49,45,44,51,48,49,47,47,42,44,47,43,46.3,,,,,,,,,,,,,,,
,,,,Subtotal Traffic,3,3,4,5,5,4,3,2,1,0,0,0,2.5,,,,,,,,,,,,,,,
,,,,D. Subtotal Beg. ,286,276,292,296,292,282,286,297,314,305,313,315,296.2,,,,,,,,,,,,,,,
,,,,VIII. (E) CASES DROPPED ,,,,,,,,,,,,,,,,,,,,,,,,,,,,
,,,,1.Scheduled Termination,,,,,,,,,,,,,Total,,,,,,,,,,,,,,,
felony ,scheduled termination,discharge,felony,a. Felony,3,4,4,7,5,4,3,1,5,6,2,6,50,,,,,,,,,,,,,,,
misdemeanor,scheduled termination,discharge,other,b. Misd.,7,3,5,0,2,0,6,0,4,2,2,2,33,,,,,,,,,,,,,,,
dui,scheduled termination,discharge,other,c. DUI,0,0,1,2,0,2,5,1,0,0,1,1,13,,,,,,,,,,,,,,,
traffic,scheduled termination,discharge,other,d. Traffic,0,0,0,0,1,1,1,1,1,0,0,0,5,,,,,,,,,,,,,,,
,,,,E. Total:,10,7,10,9,8,7,15,3,10,8,5,9,101,,,,,,,,,,,,,,,
,,,,2. Early Termination,,,,,,,,,,,,,Total,,,,,,,,,,,,,,,
felony,early termination,discharge,felony,a. Felony,0,0,0,0,0,0,0,0,0,0,0,0,0,,,,,,,,,,,,,,,
misdemeanor,early termination,discharge,other,b. Misd.,0,0,0,0,0,0,0,0,0,0,0,0,0,,,,,,,,,,,,,,,
dui,early termination,discharge,other,c. DUI,0,0,0,0,0,0,0,0,0,0,0,0,0,,,,,,,,,,,,,,,
traffic,early termination,discharge,other,d. Traffic,0,0,0,0,0,0,0,0,0,0,0,0,0,,,,,,,,,,,,,,,
,,,,E. Total:,0,0,0,0,0,0,0,0,0,0,0,0,0,,,,,,,,,,,,,,,
,,,,3. Absconder/Warrant,,,,,,,,,,,,,Total,,,,,,,,,,,,,,,
felony,absconder/warrant,discharge,felony,a. Felony,0,0,0,0,0,0,1,0,1,0,0,1,3,,,,,,,,,,,,,,,
misdemeanor,absconder/warrant,discharge,other,b. Misd.,0,0,0,0,0,0,0,0,0,0,0,0,0,,,,,,,,,,,,,,,
dui,absconder/warrant,discharge,other,c. DUI,0,0,0,0,0,1,0,0,0,0,0,0,1,,,,,,,,,,,,,,,
traffic,absconder/warrant,discharge,other,d. Traffic,0,0,0,0,0,0,0,0,0,0,0,0,0,,,,,,,,,,,,,,,
,,,,E. Total:,0,0,0,0,0,1,1,0,1,0,0,1,4,,,,,,,,,,,,,,,
,,,,4. Revoked-Technical ,,,,,,,,,,,,,Total,,,,,,,,,,,,,,,
felony,revoked-technical,discharge,felony,a. Felony,0,1,2,2,1,1,1,1,3,0,0,0,12,,,,,,,,,,,,,,,
misdemeanor,revoked-technical,discharge,other,b. Misd.,0,0,0,0,0,0,1,0,0,0,0,0,1,,,,,,,,,,,,,,,
dui,revoked-technical,discharge,other,c. DUI,0,0,0,0,0,0,0,0,0,0,0,0,0,,,,,,,,,,,,,,,
traffic,revoked-technical,discharge,other,d. Traffic,0,0,0,0,0,0,0,0,0,0,0,0,0,,,,,,,,,,,,,,,
,,,,E. Total:,0,1,2,2,1,1,2,1,3,0,0,0,13,,,,,,,,,,,,,,,
,,,,5. Revoked- New Violation,,,,,,,,,,,,,Total,,,,,,,,,,,,,,,
felony,revoked-new,discharge,felony,a. Felony,1,1,0,1,0,0,0,0,2,0,1,1,7,,,,,,,,,,,,,,,
misdemeanor,revoked-new,discharge,other,b. Misd.,0,0,0,0,0,0,0,0,0,0,0,0,0,,,,,,,,,,,,,,,
dui,revoked-new,discharge,other,c. DUI,0,0,0,0,0,0,0,0,0,0,0,0,0,,,,,,,,,,,,,,,
traffic,revoked-new,discharge,other,d. Traffic,0,0,0,0,0,0,0,0,0,0,0,0,0,,,,,,,,,,,,,,,
,,,,E. Total:,1,1,0,1,0,0,0,0,2,0,1,1,7,,,,,,,,,,,,,,,
,,,,6. Alternate DOC Commit,,,,,,,,,,,,,Total,,,,,,,,,,,,,,,
felony,alt doc commit,discharge,felony,a. Felony,1,0,0,0,1,0,0,0,0,0,0,0,2,,,,,,,,,,,,,,,
misdemeanor,alt doc commit,discharge,other,b. Misd.,0,0,0,0,0,0,0,0,0,0,0,0,0,,,,,,,,,,,,,,,
dui,alt doc commit,discharge,other,c. DUI,0,0,0,0,0,0,0,0,0,0,0,0,0,,,,,,,,,,,,,,,
traffic,alt doc commit,discharge,other,d. Traffic,0,0,0,0,0,0,0,0,0,0,0,0,0,,,,,,,,,,,,,,,
,,,,E. Total:,1,0,0,0,1,0,0,0,0,0,0,0,2,,,,,,,,,,,,,,,
,,,,7.Unsatisfactory Termination,,,,,,,,,,,,,Total,,,,,,,,,,,,,,,
felony,unsatisfactory,discharge,felony,a. Felony,0,0,0,0,0,0,0,0,0,0,0,0,0,,,,,,,,,,,,,,,
misdemeanor,unsatisfactory,discharge,other,b. Misd.,0,0,0,0,1,0,1,0,0,0,0,0,2,,,,,,,,,,,,,,,
dui,unsatisfactory,discharge,other,c. DUI,0,0,0,0,0,0,0,0,0,0,1,1,2,,,,,,,,,,,,,,,
traffic,unsatisfactory,discharge,other,d. Traffic,0,0,0,0,0,0,0,0,0,0,0,0,0,,,,,,,,,,,,,,,
,,,,E. Total:,0,0,0,0,1,0,1,0,0,0,1,1,4,,,,,,,,,,,,,,,
,,,,8. Transferred Out,,,,,,,,,,,,,Total,,,,,,,,,,,,,,,
felony,transferred,discharge,felony,a. Felony,5,4,14,9,11,7,10,6,11,12,9,13,111,,,,,,,,,,,,,,,
misdemeanor,transferred,discharge,other,b. Misd.,2,1,0,5,5,2,4,0,4,0,3,3,29,,,,,,,,,,,,,,,
dui,transferred,discharge,other,c. DUI,10,3,2,7,1,2,0,3,1,2,6,2,39,,,,,,,,,,,,,,,
traffic,transferred,discharge,other,d. Traffic,0,0,0,0,0,0,0,0,0,0,0,0,0,,,,,,,,,,,,,,,
,,,,E. Total:,17,8,16,21,17,11,14,9,16,14,18,18,179,,,,,,,,,,,,,,,
,,,,9. Other (Explain),,,,,,,,,,,,,Total,,,,,,,,,,,,,,,
felony,other,discharge,felony,a. Felony,1,2,0,0,0,0,0,0,0,1,0,0,4,,,,,,,,,,,,,,,
misdemeanor,other,discharge,other,b. Misd.,0,0,0,0,0,0,0,0,0,0,0,0,0,,,,,,,,,,,,,,,
dui,other,discharge,other,c. DUI,0,0,0,0,0,0,0,4,0,0,0,0,4,,,,,,,,,,,,,,,
traffic,other,discharge,other,d. Traffic,0,0,0,0,0,0,0,0,0,0,0,0,0,,,,,,,,,,,,,,,
,,,,E. Total:,1,2,0,0,0,0,0,4,0,1,0,0,8,,,,,,,,,,,,,,,
,,,,,,,,,,,,,,,,,Total,,,,,,,,,,,,,,,
,,,,E.10. Subtot Felony,11,12,20,19,18,12,15,8,22,19,12,21,189,,,,,,,,,,,,,,,
,,,,E.10. Subtot Misd.,9,4,5,5,8,2,12,0,8,2,5,5,65,,,,,,,,,,,,,,,
,,,,E.10. Subtotal DUI,10,3,3,9,1,5,5,8,1,2,8,4,59,,,,,,,,,,,,,,,
,,,,E.10. Subtot Traffic,0,0,0,0,1,1,1,1,1,0,0,0,5,,,,,,,,,,,,,,,
,,,,E.10. Subtotal Cases Dropped,30,19,28,33,28,20,33,17,32,23,25,30,318,,,,,,,,,,,,,,,
,,,,,,,,,,,,,,,,,Average,,,,,,,,,,,,,,,
,,,,F. Total Actv Fel,157,158,163,153,153,152,151,177,173,169,176,174,163,,,,,,,,,,,,,,,
,,,,F. Total Actv Misd,57,54,56,63,60,63,58,63,68,71,73,72,63.2,,,,,,,,,,,,,,,
,,,,F. Total Actv DUI,39,42,41,42,47,44,42,39,41,42,39,39,41.4,,,,,,,,,,,,,,,
,,,,F. Total Actv Traff,3,3,4,5,4,3,2,1,0,0,0,0,2.1,,,,,,,,,,,,,,,
,,,,F. Total Active ,256,257,264,263,264,262,253,280,282,282,288,285,269.7,,,,,,,,,,,,,,,
,,,,IX. COMMITMENTS TO DOC,,,,,,,,,,,,,Total,,,,,,,,,,,,,,,
,,,,Totals:,4,5,5,4,3,0,0,0,2,0,1,0,24,,,,,,,,,,,,,,,
,,,,X. INTERSTATE COMPACT ,,,,,,,,,,,,,Average,,,,,,,,,,,,,,,
,,,,Totals:,9,9,9,10,9,10,8,7,8,8,8,10,8.8,,,,,,,,,,,,,,,
,,,,XII. ADMIN. CASELOAD,,,,,,,,,,,,,Average,,,,,,,,,,,,,,,
active,admin,population,all,Active ,461,456,427,439,434,398,395,380,387,392,407,418,416.2,,,,,,,,,,,,,,,
inactive,admin,population,all,Inactive,451,480,489,482,483,460,461,462,465,457,460,461,467.6,,,,,,,,,,,,,,,
,,,,XI. CLASSIFICATION OF ACTIVE CASELOAD,,,,,,,,,,,,,Average,,,Percent Classification of Active Adults,,,,,,,,,,,,
felony - max,active,population,felony,A.1) Felony Max,14,13,13,14,14,14,14,14,16,16,15,16,14.4,,,,Jan.,Feb.,March,April,May,June,July,Aug.,Sept.,Oct.,Nov.,Dec.
felony - med,active,population,felony,A.2) Felony Med,35,32,32,28,35,36,33,33,30,29,28,26,31.4,,,Total Felony,157,158,163,153,153,152,151,177,173,169,176,174
felony - min,active,population,felony,A.3) Felony Min,89,97,96,94,94,91,94,110,112,112,115,113,101.4,,,Felony Max,9%,8%,8%,9%,9%,9%,9%,8%,9%,9%,9%,9%
felony - unclassified,active,population,felony,A.4) Unclassified,19,16,22,17,10,11,10,20,15,12,18,19,15.8,,,Felony Med,22%,20%,20%,18%,23%,24%,22%,19%,17%,17%,16%,15%
,,,,A.5) Total Felony,157,158,163,153,153,152,151,177,173,169,176,174,163,,,Felony Min,57%,61%,59%,61%,61%,60%,62%,62%,65%,66%,65%,65%
misd max,active,population,other,B.1)Misd. Max,0,0,0,1,1,1,1,1,1,1,1,1,0.8,,,Felony Unclassified,12%,10%,13%,11%,7%,7%,7%,11%,9%,7%,10%,11%
misd med,active,population,other,B.2)Misd. Med,10,9,7,7,6,7,7,7,8,8,9,9,7.8,,,Total Misd.,57,54,56,63,60,63,58,63,68,71,73,72
misd min,active,population,other,B.3)Misd. Min,37,38,37,40,39,49,41,47,49,48,47,49,43.4,,,Misd. Max,0%,0%,0%,2%,2%,2%,2%,2%,1%,1%,1%,1%
misd unclassified,active,population,other,B.4) Unclassified,10,7,12,15,14,6,9,8,10,14,16,13,11.2,,,Misd. Med,18%,17%,13%,11%,10%,11%,12%,11%,12%,11%,12%,13%
,,,,B.5) Total Misd.,57,54,56,63,60,63,58,63,68,71,73,72,63.2,,,Misd. Min,65%,70%,66%,63%,65%,78%,71%,75%,72%,68%,64%,68%
dui max,active,population,other,C.1) DUI Max,0,0,0,0,0,0,0,0,0,0,0,0,0,,,Misd. Unclassified,18%,13%,21%,24%,23%,10%,16%,13%,15%,20%,22%,18%
dui med,active,population,other,C.2) DUI Med,3,3,1,2,1,2,2,3,3,3,3,3,2.4,,,Total DUI,39,42,41,42,47,44,42,39,41,42,39,39
dui min,active,population,other,C.3) DUI Min,29,35,37,37,38,39,36,30,33,36,33,31,34.5,,,DUI Max,0%,0%,0%,0%,0%,0%,0%,0%,0%,0%,0%,0%
dui unclassified,active,population,other,C/4) Unclassified,7,4,3,3,8,3,4,6,5,3,3,5,4.5,,,DUI Med,8%,7%,2%,5%,2%,5%,5%,8%,7%,7%,8%,8%
,,,,C.5) Total DUI,39,42,41,42,47,44,42,39,41,42,39,39,41.4,,,DUI Min,74%,83%,90%,88%,81%,89%,86%,77%,80%,86%,85%,79%
traffic max,active,population,other,D.1) Traffic Max,0,0,0,0,0,0,0,0,0,0,0,0,0,,,DUI Unclassified,18%,10%,7%,7%,17%,7%,10%,15%,12%,7%,8%,13%
traffic med,active,population,other,D.2) Traffic Med,0,0,0,0,0,0,0,0,0,0,0,0,0,,,Total Traffic,3,3,4,5,4,3,2,1,0,0,0,0
traffic min,active,population,other,D.3) Traffic Min,3,3,4,4,2,3,2,1,0,0,0,0,1.8,,,Traffic Max,0%,0%,0%,0%,0%,0%,0%,0%,0%,0%,0%,0%
traffic unclassified,active,population,other,D.4) Unclassified,0,0,0,1,2,0,0,0,0,0,0,0,0.3,,,Traffic Med,0%,0%,0%,0%,0%,0%,0%,0%,0%,0%,0%,0%
,,,,D.5) Total Traffic,3,3,4,5,4,3,2,1,0,0,0,0,2.1,,,Traffic Min,100%,100%,100%,80%,50%,100%,100%,100%,0%,0%,0%,0%
,,,,Total Max,14,13,13,15,15,15,15,15,17,17,16,17,15.2,,,Traffic Unclassified,0%,0%,0%,20%,50%,0%,0%,0%,0%,0%,0%,0%
,,,,Total Med,48,44,40,37,42,45,42,43,41,40,40,38,41.7,,,Total,256,257,264,263,264,262,253,280,282,282,288,285
,,,,Total Min,158,173,174,175,173,182,173,188,194,196,195,193,181.2,,,Total Max,5%,5%,5%,6%,6%,6%,6%,5%,6%,6%,6%,6%
,,,,Total Unclassified,36,27,37,36,34,20,23,34,30,29,37,37,31.7,,,Total Med,19%,17%,15%,14%,16%,17%,17%,15%,15%,14%,14%,13%
,,,,Total Active XI.,256,257,264,263,264,262,253,280,282,282,288,285,269.7,,,Total Min,62%,67%,66%,67%,66%,69%,68%,67%,69%,70%,68%,68%
,,,,F. Total Active Caseload VIII.,256,257,264,263,264,262,253,280,282,282,288,285,269.7,,,Total Unclassified,14%,11%,14%,14%,13%,8%,9%,12%,11%,10%,13%,13%
,,,,(XI) vs. (VIII),0,0,0,0,0,0,0,0,0,0,0,0,0,,,,,,,,,,,,,,,
,,,,XIV. INVESTIGATIONS COMPLETED,,,,,,,,,,,,,,,,,,,,,,,,,,,,
,,,,A. PSI,,,,,,,,,,,,,Total,,,,,,,,,,,,,,,
felony,psi,completed investigations,felony,a. Felony,3,1,3,3,2,0,1,2,2,1,0,1,19,,,,,,,,,,,,,,,
misdemeanor,psi,completed investigations,other,b. Misdemeanor,0,0,0,0,0,0,0,0,0,0,0,0,0,,,,,,,,,,,,,,,
dui,psi,completed investigations,other,c. DUI,0,0,0,0,0,0,0,0,0,0,0,0,0,,,,,,,,,,,,,,,
traffic,psi,completed investigations,other,d. Traffic,0,0,0,0,0,0,0,0,0,0,0,0,0,,,,,,,,,,,,,,,
,,,,E. Total PSI:,3,1,3,3,2,0,1,2,2,1,0,1,19,,,,,,,,,,,,,,,
,,,,B. Abbreviated PSI,,,,,,,,,,,,,Total,,,,,,,,,,,,,,,
felony,abb psi,completed investigations,felony,a. Felony,0,0,0,0,0,0,0,0,0,0,0,0,0,,,,,,,,,,,,,,,
misdemeanor,abb psi,completed investigations,other,b. Misdemeanor,0,0,0,0,0,0,0,0,0,0,0,0,0,,,,,,,,,,,,,,,
dui,abb psi,completed investigations,other,c. DUI,0,0,0,0,0,0,0,0,0,0,0,0,0,,,,,,,,,,,,,,,
traffic,abb psi,completed investigations,other,d. Traffic,0,0,0,0,0,0,0,0,0,0,0,0,0,,,,,,,,,,,,,,,
,,,,E. Total Abbr. PSI:,0,0,0,0,0,0,0,0,0,0,0,0,0,,,,,,,,,,,,,,,
,,,,C. Pretrial Bond Report,,,,,,,,,,,,,Total,,,,,,,,,,,,,,,
felony,pretrial bond release,completed investigations,felony,a. Felony,18,15,33,9,21,21,36,28,19,23,24,19,266,,,,,,,,,,,,,,,
misdemeanor,pretrial bond release,completed investigations,other,b. Misdemeanor,3,3,3,6,5,10,3,10,7,10,7,8,75,,,,,,,,,,,,,,,
dui,pretrial bond release,completed investigations,other,c. DUI,0,0,0,0,0,0,0,0,0,0,0,0,0,,,,,,,,,,,,,,,
traffic,pretrial bond release,completed investigations,other,d. Traffic,0,0,0,0,0,0,0,0,0,0,0,0,0,,,,,,,,,,,,,,,
,,,,E. Total Pretrial:,21,18,36,15,26,31,39,38,26,33,31,27,341,,,,,,,,,,,,,,,
,,,,D. Record Check ,,,,,,,,,,,,,Total,,,,,,,,,,,,,,,
felony,record check,completed investigations,felony,a. Felony,0,0,0,0,0,0,0,0,0,0,0,0,0,,,,,,,,,,,,,,,
misdemeanor,record check,completed investigations,other,b. Misdemeanor,0,0,0,0,0,0,0,0,0,0,0,0,0,,,,,,,,,,,,,,,
dui,record check,completed investigations,other,c. DUI,0,0,0,0,0,0,0,0,0,0,0,0,0,,,,,,,,,,,,,,,
traffic,record check,completed investigations,other,d. Traffic,0,0,0,0,0,0,0,0,0,0,0,0,0,,,,,,,,,,,,,,,
,,,,E. Total Record Check:,0,0,0,0,0,0,0,0,0,0,0,0,0,,,,,,,,,,,,,,,
,,,,E. JDP,,,,,,,,,,,,,Total,,,,,,,,,,,,,,,
felony,jdp,completed investigations,felony,a. Felony,0,0,0,0,0,0,0,0,0,0,0,0,0,,,,,,,,,,,,,,,
misdemeanor,jdp,completed investigations,other,b. Misdemeanor,0,0,0,0,0,0,0,0,0,0,0,0,0,,,,,,,,,,,,,,,
dui,jdp,completed investigations,other,c. DUI,0,0,0,0,0,0,0,0,0,0,0,0,0,,,,,,,,,,,,,,,
traffic,jdp,completed investigations,other,d. Traffic,0,0,0,0,0,0,0,0,0,0,0,0,0,,,,,,,,,,,,,,,
,,,,E. Total JDP:,0,0,0,0,0,0,0,0,0,0,0,0,0,,,,,,,,,,,,,,,
,,,,F. Other (Explain),,,,,,,,,,,,,Total,,,,,,,,,,,,,,,
felony,other,completed investigations,felony,a. Felony,0,0,0,0,0,0,0,0,0,0,0,0,0,,,,,,,,,,,,,,,
misdemeanor,other,completed investigations,other,b. Misdemeanor,0,0,0,0,0,0,0,0,0,0,0,0,0,,,,,,,,,,,,,,,
dui,other,completed investigations,other,c. DUI,0,0,0,0,0,0,0,0,0,0,0,0,0,,,,,,,,,,,,,,,
traffic,other,completed investigations,other,d. Traffic,0,0,0,0,0,0,0,0,0,0,0,0,0,,,,,,,,,,,,,,,
,,,,E. Total Other:,0,0,0,0,0,0,0,0,0,0,0,0,0,,,,,,,,,,,,,,,
,,,,Total Investigations,24,19,39,18,28,31,40,40,28,34,31,28,360,,,,,,,,,,,,,,,
,,,,XIII. FULL-PRESENTENCE INVESTIGATIONS ORDERED/PENDING,,,,,,,,,,,,,,,,,,,,,,,,,,,,
,,,,Number Ordered (total),5,3,5,2,0,2,2,3,1,2,2,3,30,,,,,,,,,,,,,,,
,,,,Number Pending (average),3,5,1,2,0,2,1,3,1,1,3,3,2,,,,,,,,,,,,,,,
,,,,XV. CASE VIOLATIONS REPORTED,,,,,,,,,,,,,Total,,,,,,,,,,,,,,,
technical,reported violations,reported violations,all,Technical,4,8,10,10,8,7,10,13,12,18,10,15,125,,,,,,,,,,,,,,,
new offense,reported violations,reported violations,all,New Offense,3,2,2,12,6,7,10,4,3,5,5,6,65,,,,,,,,,,,,,,,
,,,,Total:,7,10,12,22,14,14,20,17,15,23,15,21,190,,,,,,,,,,,,,,,
,,,,XVI. COURT ACTIONS ON VIOLATIONS,,,,,,,,,,,,,Total,,,,,,,,,,,,,,,
technical,no revocation,court actions,all,No Violation-Tech.,3,1,1,0,1,0,0,7,5,1,1,1,21,,,,,,,,,,,,,,,
technical,revocation,court actions,all,Violation - Tech.,0,6,4,7,3,7,5,1,3,4,0,1,41,,,,,,,,,,,,,,,
,,,,Total:,3,7,5,7,4,7,5,8,8,5,1,2,62,,,,,,,,,,,,,,,
new offense,no revocation,court actions,all,No Violation-New ,0,0,0,0,0,0,0,0,1,0,1,2,4,,,,,,,,,,,,,,,
new offense,revocation,court actions,all,Violation - New ,0,2,1,3,2,4,4,0,0,0,0,2,18,,,,,,,,,,,,,,,
,,,,Total:,0,2,1,3,2,4,4,0,1,0,1,4,22,,Back To Top,,,,,,,,,,,,,
